movieId,imdbId,title,year,genres,director,actors,plot,rating,runtime,language,country,poster
1,tt4154664,Captain Marvel,2019,Action|Adventure|Sci-Fi,"Anna Boden, Ryan Fleck","Brie Larson, Samuel L. Jackson, Ben Mendelsohn","After crashing an experimental aircraft, Air Force pilot Carol Danvers is discovered by the Kree and trained as a member of the elite Starforce Military under the command of her mentor Yon-Rogg. Six years later, after escaping to Earth while under attack by the Skrulls, Danvers begins to discover there's more to her past. With help from S.H.I.E.L.D. agent Nick Fury, they set out to unravel the truth.",6.7,123 min,English,"United States, Australia",https://m.media-amazon.com/images/M/MV5BZDI1NGU2ODAtNzBiNy00MWY5LWIyMGEtZjUxZjUwZmZiNjBlXkEyXkFqcGc@._V1_SX300.jpg
2,tt3067038,Marvel One-Shot: Agent Carter,2013,Short|Action|Adventure|Sci-Fi,Louis D'Esposito,"Hayley Atwell, Bradley Whitford, Dominic Cooper, Tim Trobec","A year after Captain America was lost in action, the war is over. However, Agent Peggy Carter is relegated to a desk job and frustrated at her male boss and comrades' sexist dismissal of her place in the SSR. Ordered to work late one night, Carter gets an alert that the villain, Zodiac, has been spotted. Deciding to take care of it herself, Carter is ready to show the enemies of peace why meeting this Agent 13 is bad luck for them.",7.6,15 min,N/A,USA,https://m.media-amazon.com/images/M/MV5BZDIwZTM4M2QtMWFhYy00N2VmLWFlMjItMzI3NjBjYTc0OTMxXkEyXkFqcGdeQXVyNTE1NjY5Mg@@._V1_SX300.jpg
3,tt3438640,Marvel One-Shot: All Hail the King,2014,Short|Action|Sci-Fi,Drew Pearce,"Ben Kingsley, Scoot McNairy, Lester Speight, Sam Rockwell","After the events of Iron Man 3, Trevor Slattery is an infamous icon. He's also locked up in a high-security prison. Luckily, his newfound profile has brought him celebrity and protection on the inside - and the actor has gladly agreed to an in-depth profile with a documentary filmmaker.",7.4,14 min,English,USA,https://m.media-amazon.com/images/M/MV5BZGFkMTZkMDQtNzM4Yy00YWEwLTkzOWEtZTMyNDRlNmJhYWJhXkEyXkFqcGdeQXVyNTE1NjY5Mg@@._V1_SX300.jpg
4,tt2247732,Marvel One-Shot: Item 47,2012,Short|Action|Sci-Fi,Louis D'Esposito,"Lizzy Caplan, Jesse Bradford, Maximiliano Hernández, Titus Welliver","This film shows a couple - Claire and Benny - robbing banks with a piece of alien technology that they've recovered from the New York battle site. Eventually we see them in a motel room with a load of money. Their neighbor starts playing music really loud. Benny goes out to investigate, but doesn't return.",6.7,12 min,English,USA,https://m.media-amazon.com/images/M/MV5BMjNlMzAxNmQtOGEwZi00NTEyLWI0NWYtMTlhNmE2YTA3ZDVhXkEyXkFqcGdeQXVyNTE1NjY5Mg@@._V1_SX300.jpg
5,tt2011109,Marvel One-Shot: A Funny Thing Happened on the Way to Thor's Hammer,2011,Short|Action|Sci-Fi,Leythum,"Clark Gregg, Jessica Manuel, Jeff Prewett, Zach Hudson",Agent Coulson stops at a convenience store and deals with a coincidental robbery during his visit.,7.3,4 min,English,USA,https://m.media-amazon.com/images/M/MV5BYmVlYTg3N2QtMWM2OS00YWQyLWI2M2MtMDc0ZjBkZjk1MTY3XkEyXkFqcGdeQXVyNTE1NjY5Mg@@._V1_SX300.jpg
6,tt2011118,Marvel One-Shot: The Consultant,2011,Short|Sci-Fi,Leythum,"Clark Gregg, Maximiliano Hernández, Deborah Knox","Agents Coulson and Sitwell plan to derail General Thaddeus ""Thunderbolt"" Ross from interfering with S.H.I.E.L.D. affairs with a very special person.",6.6,4 min,English,USA,https://m.media-amazon.com/images/M/MV5BNGE4YjU5MDAtYzYzMC00M2RlLTk0NDgtNDU1MjgyMGI0MjI3XkEyXkFqcGdeQXVyNTE1NjY5Mg@@._V1_SX300.jpg
7,tt9908924,Marvel Studios' Captain Marvel LIVE Red Carpet World Premiere,2019,Reality-TV,Bill Chapman,"Kerem Bürsin, Brie Larson, Kevin Feige","Higher, Further, Faster, Live from the Red Carpet in Hollywood. See exclusive interviews with celebrities and the stars of the Marvel Studios film Captain Marvel at the biggest premiere of the year and the next chapter of the Marvel Cinematic Universe.",6.2,103 min,English,United States,https://m.media-amazon.com/images/M/MV5BMjgzYjU2MDMtZWNjZC00MTM5LTk1ZWYtYzQxZjQ0YjI4OGFkXkEyXkFqcGc@._V1_SX300.jpg
8,tt3591568,Marvel Studios: Assembling a Universe,2014,Documentary|History,N/A,"Axel Alonso, Victoria Alonso, Hayley Atwell","A look at the story behind Marvel Studios and the Marvel Cinematic Universe, featuring interviews and behind-the-scenes footage from all of the Marvel films, the Marvel One-Shots and ""Marvel's Agents of S.H.I.E.L.D.""",7.2,43 min,English,United States,https://m.media-amazon.com/images/M/MV5BOWEzNGFjNjYtZGQ4Mi00ODEyLTlkZDYtZjFhMjZjZTdiNWZiXkEyXkFqcGc@._V1_SX300.jpg
9,tt5889204,Pokémon the Movie: Volcanion and the Mechanical Marvel,2016,Animation|Action|Adventure,Kunihiko Yuyama,"Tyler Bunch, James Carter Cathcart, Daniel J. Edwards","Ash meets the Mythical Pokémon Volcanion when it crashes down from the sky, creating a cloud of dust-and a mysterious force binds the two of them together! Volcanion despises humans and tries to get away, but it's forced to drag Ash along as it continues its rescue mission. They arrive in a city of cogs and gears, where a corrupt official has stolen the ultimate invention: the Artificial Pokémon Magearna, created 500 years ago. He plans to use its mysterious power to take control of this mechanical kingdom! Can Ash and Volcanion work together to rescue Magearna? One of the greatest battles in Pokémon history is about to unfold!",5.9,90 min,Japanese,Japan,https://m.media-amazon.com/images/M/MV5BMTk0NzI2Y2YtOGVjYi00YTUwLWEwNmEtODk1YjlhYzQ0ZTY5XkEyXkFqcGc@._V1_SX300.jpg
10,tt7728344,Marvel Rising: Secret Warriors,2018,Animation|Action|Comedy,Alfred Gimeno,"Dee Bradley Baker, Chloe Bennet, Kathreen Khavari","Teen superheroes Ms Marvel, Squirrel Girl, Quake, Patriot, America Chavez and Inferno unite to take down a threat approaching the universe.",5.5,80 min,English,United States,https://m.media-amazon.com/images/M/MV5BMGFhZGQ0ZmItMGY1Yy00NjY1LTlmYzItODhhMWQ3OWFlZWViXkEyXkFqcGc@._V1_SX300.jpg
11,tt0372784,Batman Begins,2005,Action|Crime|Drama,Christopher Nolan,"Christian Bale, Michael Caine, Ken Watanabe","When his parents are killed, billionaire playboy Bruce Wayne relocates to Asia, where he is mentored by Henri Ducard and Ra's Al Ghul in how to fight evil. When learning about the plan to wipe out evil in Gotham City by Ducard, Bruce prevents this plan from getting any further and heads back to his home. Back in his original surroundings, Bruce adopts the image of a bat to strike fear into the criminals and the corrupt as the icon known as ""Batman"". But it doesn't stay quiet for long.",8.2,140 min,"English, Mandarin","United States, United Kingdom",https://m.media-amazon.com/images/M/MV5BODIyMDdhNTgtNDlmOC00MjUxLWE2NDItODA5MTdkNzY3ZTdhXkEyXkFqcGc@._V1_SX300.jpg
12,tt1877830,The Batman,2022,Action|Crime|Drama,Matt Reeves,"Robert Pattinson, Zoë Kravitz, Jeffrey Wright","When a sadistic serial killer begins murdering key political figures in Gotham, the Batman is forced to investigate the city's hidden corruption and question his family's involvement.",7.8,176 min,"English, Spanish, Latin, Italian",United States,https://m.media-amazon.com/images/M/MV5BMmU5NGJlMzAtMGNmOC00YjJjLTgyMzUtNjAyYmE4Njg5YWMyXkEyXkFqcGc@._V1_SX300.jpg
13,tt2975590,Batman v Superman: Dawn of Justice,2016,Action|Adventure|Sci-Fi,Zack Snyder,"Ben Affleck, Henry Cavill, Amy Adams","The general public is concerned over having Superman on their planet and letting the ""Dark Knight"" - Batman - pursue the streets of Gotham. While this is happening, a power-phobic Batman tries to attack Superman. Meanwhile, Superman tries to settle on a decision, and Lex Luthor, the criminal mastermind and millionaire, tries to use his own advantages to fight the ""Man of Steel"".",6.4,151 min,English,"United States, Morocco",https://m.media-amazon.com/images/M/MV5BZTJkYjdmYjYtOGMyNC00ZGU1LThkY2ItYTc1OTVlMmE2YWY1XkEyXkFqcGc@._V1_SX300.jpg
14,tt0096895,Batman,1989,Action|Adventure,Tim Burton,"Michael Keaton, Jack Nicholson, Kim Basinger","Gotham City. Crime boss Carl Grissom (Jack Palance) effectively runs the town but there's a new crime fighter in town - Batman (Michael Keaton). Grissom's right-hand man is Jack Napier (Jack Nicholson), a brutal man who is not entirely sane... After falling out between the two Grissom has Napier set up with the Police and Napier falls to his apparent death in a vat of chemicals. However, he soon reappears as The Joker and starts a reign of terror in Gotham City. Meanwhile, reporter Vicki Vale (Kim Basinger) is in the city to do an article on Batman. She soon starts a relationship with Batman's everyday persona, billionaire Bruce Wayne.",7.5,126 min,"English, French, Spanish","United States, United Kingdom",https://m.media-amazon.com/images/M/MV5BYzZmZWViM2EtNzhlMi00NzBlLWE0MWEtZDFjMjk3YjIyNTBhXkEyXkFqcGc@._V1_SX300.jpg
15,tt0103776,Batman Returns,1992,Action|Crime|Fantasy,Tim Burton,"Michael Keaton, Danny DeVito, Michelle Pfeiffer",In the sewers of gotham city to the rooftops of the gotham city the penguin wants to know where he came from well in his villain ways catwoman plans to kill rich man of gotham max shreak but as he battles with millionaire Bruce Wayne both ladies men have their own secrets Bruce Wayne is back as Bat man trying to stop the penguin Max is helping penguin steal gotham city while selina Kyle/catwoman tries to help penguin not knowing her man murder target also her murder is helping him but all four men have their goals taking gotham from crime winning gotham city assassination for two men and more money to be gotham citys number one rich man.,7.1,126 min,English,"United States, United Kingdom",https://m.media-amazon.com/images/M/MV5BZTliMDVkYTktZDdlMS00NTAwLWJhNzYtMWIwMDZjN2ViMGFiXkEyXkFqcGc@._V1_SX300.jpg
16,tt0118688,Batman & Robin,1997,Action|Sci-Fi,Joel Schumacher,"Arnold Schwarzenegger, George Clooney, Chris O'Donnell","Batman and Robin are back working side-by-side to stop the villains of Gotham City, but is there tension appearing between them, especially when one villainess who calls herself Poison Ivy can make anyone fall in love with her...literally. Along with Poison Ivy, the icy Mr. Freeze is freezing anything which gets in his way from achieving his goal.",3.8,125 min,English,"United States, United Kingdom",https://m.media-amazon.com/images/M/MV5BYzU3ZjE3M2UtM2E4Ni00MDI5LTkyZGUtOTFkMGIyYjNjZGU3XkEyXkFqcGc@._V1_SX300.jpg
17,tt0112462,Batman Forever,1995,Action|Adventure,Joel Schumacher,"Val Kilmer, Tommy Lee Jones, Jim Carrey","The Dark Knight of Gotham City confronts a dastardly duo: Two-Face and the Riddler. Formerly District Attorney Harvey Dent, Two-Face incorrectly believes Batman caused the courtroom accident which left him disfigured on one side; he has unleashed a reign of terror on the good people of Gotham. Edward Nygma, computer-genius and former employee of millionaire Bruce Wayne, is out to get the philanthropist; as The Riddler he perfects a device for draining information from all the brains in Gotham, including Bruce Wayne's knowledge of his other identity. Batman/Wayne is/are the love focus of Dr. Chase Meridan. Former circus acrobat Dick Grayson, his family killed by Two-Face, becomes Wayne's ward and Batman's new partner Robin the Boy Wonder.",5.4,121 min,English,"United States, United Kingdom",https://m.media-amazon.com/images/M/MV5BMTUyNjJhZWItMTZkNS00NDc4LTllNjUtYTg3NjczMzA5ZTViXkEyXkFqcGc@._V1_SX300.jpg
18,tt4116284,The Lego Batman Movie,2017,Animation|Action|Adventure,Chris McKay,"Will Arnett, Michael Cera, Rosario Dawson","There are big changes brewing in Gotham City, and if he wants to save the city from The Joker's hostile takeover, Batman may have to drop the lone vigilante thing, try to work with others and maybe, just maybe, learn to lighten up.",7.3,104 min,English,"United States, Denmark, Australia",https://m.media-amazon.com/images/M/MV5BMTcyNTEyOTY0M15BMl5BanBnXkFtZTgwOTAyNzU3MDI@._V1_SX300.jpg
19,tt18689424,Batman v Superman: Dawn of Justice (Ultimate Edition),2016,Action|Adventure|Sci-Fi,Zack Snyder,"Amy Adams, Ben Affleck, Henry Cavill","Fearing the actions of a god-like super hero left unchecked, Gotham City's own formidable, forceful vigilante takes on Metropolis's most revered, modern-day savior, while the world wrestles with what sort of hero it really needs. And with Batman and Superman at war with one another, a new threat quickly arises, putting mankind in greater danger than it's ever known before.",7.2,182 min,English,United States,https://m.media-amazon.com/images/M/MV5BOTRlNWQwM2ItNjkyZC00MGI3LThkYjktZmE5N2FlMzcyNTIyXkEyXkFqcGdeQXVyMTEyNzgwMDUw._V1_SX300.jpg
20,tt5950044,Superman,2025,Action|Adventure|Sci-Fi,James Gunn,"David Corenswet, Rachel Brosnahan, Nicholas Hoult","Superman must reconcile his alien Kryptonian heritage with his human upbringing as reporter Clark Kent. As the embodiment of truth, justice and the human way he soon finds himself in a world that views these as old-fashioned.",7.1,129 min,English,"United States, Canada, Australia, New Zealand",https://m.media-amazon.com/images/M/MV5BOGMwZGJiM2EtMzEwZC00YTYzLWIxNzYtMmJmZWNlZjgxZTMwXkEyXkFqcGc@._V1_SX300.jpg
21,tt0348150,Superman Returns,2006,Action|Adventure|Sci-Fi,Bryan Singer,"Brandon Routh, Kevin Spacey, Kate Bosworth","Following a mysterious absence of several years, the Man of Steel comes back to Earth in the epic action-adventure Superman Returns, a soaring new chapter in the saga of one of the world's most beloved superheroes. While an old enemy plots to render him powerless once and for all, Superman faces the heartbreaking realization that the woman he loves, Lois Lane, has moved on with her life. Or has she? Superman's bittersweet return challenges him to bridge the distance between them while finding a place in a society that has learned to survive without him. In an attempt to protect the world he loves from cataclysmic destruction, Superman embarks on an epic journey of redemption that takes him from the depths of the ocean to the far reaches of outer space.",6.1,154 min,"English, German, French","United States, Australia",https://m.media-amazon.com/images/M/MV5BMjg1ZGRiMTEtYmU4Zi00NTkwLWJmODQtMjU3MTAyMGQ2OGZlXkEyXkFqcGc@._V1_SX300.jpg
22,tt0078346,Superman,1978,Action|Adventure|Sci-Fi,Richard Donner,"Christopher Reeve, Margot Kidder, Gene Hackman","Just before the destruction of the planet Krypton, scientist Jor-El sends his infant son Kal-El on a spaceship to Earth. Raised by kindly farmers Jonathan and Martha Kent, young Clark discovers the source of his superhuman powers and moves to Metropolis to fight evil. As Superman, he battles the villainous Lex Luthor, while, as novice reporter Clark Kent, he attempts to woo co-worker Lois Lane",7.4,143 min,English,"United Kingdom, United States",https://m.media-amazon.com/images/M/MV5BMzFlZDJjMDAtZDYxZS00NzZhLTk2ODMtZWRlODA3Njk3ZTdmXkEyXkFqcGc@._V1_SX300.jpg
23,tt0081573,Superman II,1980,Action|Adventure|Sci-Fi,"Richard Lester, Richard Donner","Gene Hackman, Christopher Reeve, Margot Kidder","Picking up where ""Superman: The Movie"" left off, three criminals, General Zod (Terence Stamp), Ursa, (Sarah Douglas), and Non (Jack O'Halloran) from the planet Krypton are released from the Phantom Zone by a nuclear explosion in space. They descend upon Earth where they could finally rule. Superman, meanwhile, is in love with Lois Lane (Margot Kidder), who finds out who he really is. Lex Luthor (Gene Hackman) escapes from prison and is determined to destroy Superman by joining forces with the three criminals.",6.8,127 min,"English, French, Russian","United Kingdom, United States",https://m.media-amazon.com/images/M/MV5BNzg5ZjJkNGEtNzhjNy00YzI4LTlkZjItNTViNmYxNGZlZWE2XkEyXkFqcGc@._V1_SX300.jpg
24,tt0086393,Superman III,1983,Action|Adventure|Comedy,Richard Lester,"Christopher Reeve, Richard Pryor, Margot Kidder","In mortal enemies, the Man of Steel has no match. Even faced with a trio of sinister super-powered villains from his home planet, Superman saved the day. But can super-strength stand up to the diabolical circuitry of a criminally insane computer? Enter Gus Gorman, a genial half-wit who just happens to be a natural-born genius at computer programming. In his hands, a computer keyboard turns into a deadly weapon, and soon, Superman faces the microelectronic menace of his career. Clark Kent meets his old flame Lana Lang at a Smallville High School reunion and Superman turns into his own worst enemy after exposure to a chunk of red kryptonite.",5.0,125 min,"English, Italian, Spanish","United Kingdom, United States, Netherlands",https://m.media-amazon.com/images/M/MV5BYjcyN2E4NzQtYmUwZC00NmQ5LWJkMWUtMThjZGIwZGIwYzZmXkEyXkFqcGc@._V1_SX300.jpg
25,tt0094074,Superman IV: The Quest for Peace,1987,Action|Adventure|Sci-Fi,Sidney J. Furie,"Christopher Reeve, Gene Hackman, Margot Kidder","Superman does a lot in his newest adventure. Archvillain Lex Luthor, determined to make the world safe for nuclear arms merchants, creates a new being to challenge the Man of Steel: the radiation-charged Nuclear Man. The two super-powered foes clash in an explosive screen extranvaganza that sees Superman save the Statue of Liberty, repulse a volcanic eruption of Mount Etna, rebuild the demolished Great Wall of China and perform many more spetactular feats.",3.8,90 min,"English, Russian, French, Italian","United Kingdom, United States",https://m.media-amazon.com/images/M/MV5BZjhkODhlYjEtMDEyZS00YjZmLWJjMDctZGI3MGJiNDEyNTE2XkEyXkFqcGc@._V1_SX300.jpg
26,tt1673430,Superman/Batman: Apocalypse,2010,Animation|Action|Adventure|Sci-Fi,Lauren Montgomery,"Andre Braugher, Kevin Conroy, Tim Daly, Susan Eisenberg","Batman discovers a mysterious teen-aged girl with super-human powers and a connection to Superman. When the girl comes to the attention of Darkseid, the evil overlord of Apokolips, events take a decidedly dangerous turn.",7.1,78 min,"English, French, Esperanto",USA,https://m.media-amazon.com/images/M/MV5BMjk3ODhmNjgtZjllOC00ZWZjLTkwYzQtNzc1Y2ZhMjY2ODE0XkEyXkFqcGdeQXVyNTAyODkwOQ@@._V1_SX300.jpg
27,tt0076759,Star Wars: Episode IV - A New Hope,1977,Action|Adventure|Fantasy,George Lucas,"Mark Hamill, Harrison Ford, Carrie Fisher","The Imperial Forces, under orders from cruel Darth Vader, hold Princess Leia hostage in their efforts to quell the rebellion against the Galactic Empire. Luke Skywalker and Han Solo, captain of the Millennium Falcon, work together with the companionable droid duo R2-D2 and C-3PO to rescue the beautiful princess, help the Rebel Alliance and restore freedom and justice to the Galaxy.",8.6,121 min,English,United States,https://m.media-amazon.com/images/M/MV5BOGUwMDk0Y2MtNjBlNi00NmRiLTk2MWYtMGMyMDlhYmI4ZDBjXkEyXkFqcGc@._V1_SX300.jpg
28,tt0080684,Star Wars: Episode V - The Empire Strikes Back,1980,Action|Adventure|Fantasy,Irvin Kershner,"Mark Hamill, Harrison Ford, Carrie Fisher","Luke Skywalker, Han Solo, Princess Leia and Chewbacca face attack by the Imperial forces and its AT-AT walkers on the ice planet Hoth. While Han and Leia escape in the Millennium Falcon, Luke travels to Dagobah in search of Yoda. Only with the Jedi Master's help will Luke survive when the Dark Side of the Force beckons him into the ultimate duel with Darth Vader.",8.7,124 min,English,United States,https://m.media-amazon.com/images/M/MV5BMTkxNGFlNDktZmJkNC00MDdhLTg0MTEtZjZiYWI3MGE5NWIwXkEyXkFqcGc@._V1_SX300.jpg
29,tt0086190,Star Wars: Episode VI - Return of the Jedi,1983,Action|Adventure|Fantasy,Richard Marquand,"Mark Hamill, Harrison Ford, Carrie Fisher","Luke Skywalker battles Jabba the Hutt and Darth Vader to save his comrades in the Rebel Alliance and triumph over the Galactic Empire. Han Solo and Princess Leia reaffirm their love, and team with Chewbacca, Lando Calrissian, the Ewoks, and droids C-3PO and R2-D2 to aid in the disruption of the Dark Side, and the defeat of the evil emperor.",8.3,131 min,"English, Kikuyu, Tagalog, Kalmyk-Oirat, Quechua, Polish",United States,https://m.media-amazon.com/images/M/MV5BNWEwOTI0MmUtMGNmNy00ODViLTlkZDQtZTg1YmQ3MDgyNTUzXkEyXkFqcGc@._V1_SX300.jpg
30,tt2488496,Star Wars: Episode VII - The Force Awakens,2015,Action|Adventure|Sci-Fi,J.J. Abrams,"Daisy Ridley, John Boyega, Oscar Isaac","30 years after the defeat of Darth Vader and the Empire, Rey, a scavenger from the planet Jakku, finds a BB-8 droid that knows the whereabouts of the long lost Luke Skywalker. Rey, as well as a rogue stormtrooper and two smugglers, are thrown into the middle of a battle between the Resistance and the daunting legions of the First Order.",7.7,138 min,English,"United States, United Kingdom",https://m.media-amazon.com/images/M/MV5BOTAzODEzNDAzMl5BMl5BanBnXkFtZTgwMDU1MTgzNzE@._V1_SX300.jpg
31,tt0120915,Star Wars: Episode I - The Phantom Menace,1999,Action|Adventure|Fantasy,George Lucas,"Ewan McGregor, Liam Neeson, Natalie Portman","The evil Trade Federation, led by Nute Gunray is planning to take over the peaceful world of Naboo. Jedi Knights Qui-Gon Jinn and Obi-Wan Kenobi are sent to confront the leaders. But not everything goes to plan. The two Jedi escape, and along with their new Gungan friend, Jar Jar Binks head to Naboo to warn Queen Amidala, but droids have already started to capture Naboo and the Queen is not safe there. Eventually, they land on Tatooine, where they become friends with a young boy known as Anakin Skywalker. Qui-Gon is curious about the boy, and sees a bright future for him. The group must now find a way of getting to Coruscant and to finally solve this trade dispute, but there is someone else hiding in the shadows. Are the Sith really extinct? Is the Queen really who she says she is? And what's so special about this young boy?",6.5,136 min,"English, Sanskrit","United States, United Kingdom",https://m.media-amazon.com/images/M/MV5BODVhNGIxOGItYWNlMi00YTA0LWI3NTctZmQxZGUwZDEyZWI4XkEyXkFqcGc@._V1_SX300.jpg
32,tt0121766,Star Wars: Episode III - Revenge of the Sith,2005,Action|Adventure|Fantasy,George Lucas,"Hayden Christensen, Natalie Portman, Ewan McGregor","Nearly three years have passed since the beginning of the Clone Wars. The Republic, with the help of the Jedi, take on Count Dooku and the Separatists. With a new threat rising, the Jedi Council sends Obi-Wan Kenobi and Anakin Skywalker to aid the captured Chancellor. Anakin feels he is ready to be promoted to Jedi Master. Obi-Wan is hunting down the Separatist General, Grievous. When Anakin has future visions of pain and suffering coming Padmé's way, he sees Master Yoda for counsel. When Darth Sidious executes Order 66, it destroys most of all the Jedi have built. Experience the birth of Darth Vader. Feel the betrayal that leads to hatred between two brothers. And witness the power of hope.",7.6,140 min,English,"United States, Italy, Switzerland, Thailand, United Kingdom",https://m.media-amazon.com/images/M/MV5BNTc4MTc3NTQ5OF5BMl5BanBnXkFtZTcwOTg0NjI4NA@@._V1_SX300.jpg
33,tt0121765,Star Wars: Episode II - Attack of the Clones,2002,Action|Adventure|Fantasy,George Lucas,"Hayden Christensen, Natalie Portman, Ewan McGregor","Ten years after the invasion of Naboo, the Galactic Republic is facing a Separatist movement and the former queen and now Senator Padmé Amidala travels to Coruscant to vote on a project to create an army to help the Jedi to protect the Republic. Upon arrival, she escapes from an attempt to kill her, and Obi-Wan Kenobi and his Padawan Anakin Skywalker are assigned to protect her. They chase the shape-shifter Zam Wessell but she is killed by a poisoned dart before revealing who hired her. The Jedi Council assigns Obi-Wan Kenobi to discover who has tried to kill Amidala and Anakin to protect her in Naboo. Obi-Wan discovers that the dart is from the planet Kamino, and he heads to the remote planet. He finds an army of clones that has been under production for years for the Republic and that the bounty hunter Jango Fett was the matrix for the clones. Meanwhile Anakin and Amidala fall in love with each other, and he has nightmarish visions of his mother. They travel to his home planet, Tatooine, to see his mother, and he discovers that she has been abducted by Tusken Raiders. Anakin finds his mother dying, and he kills all the Tusken tribe, including the women and children. Obi-Wan follows Jango Fett to the planet Geonosis where he discovers who is behind the Separatist movement. He transmits his discoveries to Anakin since he cannot reach the Jedi Council. Who is the leader of the Separatist movement? Will Anakin receive Obi-Wan's message? And will the secret love between Anakin and Amidala succeed?",6.6,142 min,English,"United States, United Kingdom",https://m.media-amazon.com/images/M/MV5BNTgxMjY2YzUtZmVmNC00YjAwLWJlODMtNDBhNzllNzIzMjgxXkEyXkFqcGc@._V1_SX300.jpg
34,tt3748528,Rogue One: A Star Wars Story,2016,Action|Adventure|Sci-Fi,Gareth Edwards,"Felicity Jones, Diego Luna, Alan Tudyk","All looks lost for the Rebellion against the Empire as they learn of the existence of a new super weapon, the Death Star. Once a possible weakness in its construction is uncovered, the Rebel Alliance must set out on a desperate mission to steal the plans for the Death Star. The future of the entire galaxy now rests upon its success.",7.8,133 min,English,United States,https://m.media-amazon.com/images/M/MV5BMjEwMzMxODIzOV5BMl5BanBnXkFtZTgwNzg3OTAzMDI@._V1_SX300.jpg
35,tt2527336,Star Wars: Episode VIII - The Last Jedi,2017,Action|Adventure|Fantasy,Rian Johnson,"Daisy Ridley, John Boyega, Mark Hamill","Jedi Master-in-hiding Luke Skywalker unwillingly attempts to guide young hopeful Rey in the ways of the force, while Leia, former princess turned general, attempts to lead what is left of the Resistance away from the ruthless tyrannical grip of the First Order.",6.8,152 min,English,United States,https://m.media-amazon.com/images/M/MV5BMjQ1MzcxNjg4N15BMl5BanBnXkFtZTgwNzgwMjY4MzI@._V1_SX300.jpg
36,tt2527338,Star Wars: Episode IX - The Rise of Skywalker,2019,Action|Adventure|Fantasy,J.J. Abrams,"Daisy Ridley, John Boyega, Oscar Isaac","While the First Order continues to ravage the galaxy, Rey finalizes her training as a Jedi. But danger suddenly rises from the ashes as the evil Emperor Palpatine mysteriously returns from the dead. While working with Finn and Poe Dameron to fulfill a new mission, Rey will not only face Kylo Ren once more, but she will also finally discover the truth about her parents as well as a deadly secret that could determine her future and the fate of the ultimate final showdown that is to come.",6.4,141 min,English,"United States, United Kingdom",https://m.media-amazon.com/images/M/MV5BODg5ZTNmMTUtYThlNy00NjljLWE0MGUtYmQ1NDg4NWU5MjQ1XkEyXkFqcGc@._V1_SX300.jpg
37,tt0120737,The Lord of the Rings: The Fellowship of the Ring,2001,Adventure|Drama|Fantasy,Peter Jackson,"Elijah Wood, Ian McKellen, Orlando Bloom","An ancient Ring thought lost for centuries has been found, and through a strange twist of fate has been given to a small Hobbit named Frodo. When Gandalf discovers the Ring is in fact the One Ring of the Dark Lord Sauron, Frodo must make an epic quest to the Cracks of Doom in order to destroy it. However, he does not go alone. He is joined by Gandalf, Legolas the elf, Gimli the Dwarf, Aragorn, Boromir, and his three Hobbit friends Merry, Pippin, and Samwise. Through mountains, snow, darkness, forests, rivers and plains, facing evil and danger at every corner the Fellowship of the Ring must go. Their quest to destroy the One Ring is the only hope for the end of the Dark Lords reign.",8.9,178 min,"English, Sindarin","New Zealand, United States, United Kingdom",https://m.media-amazon.com/images/M/MV5BNzIxMDQ2YTctNDY4MC00ZTRhLTk4ODQtMTVlOWY4NTdiYmMwXkEyXkFqcGc@._V1_SX300.jpg
38,tt0167260,The Lord of the Rings: The Return of the King,2003,Adventure|Drama|Fantasy,Peter Jackson,"Elijah Wood, Viggo Mortensen, Ian McKellen","The final confrontation between the forces of good and evil fighting for control of the future of Middle-earth. Frodo and Sam reach Mordor in their quest to destroy the One Ring, while Aragorn leads the forces of good against Sauron's evil army at the stone city of Minas Tirith.",9.0,201 min,"English, Quenya, Old English, Sindarin","New Zealand, United States",https://m.media-amazon.com/images/M/MV5BMTZkMjBjNWMtZGI5OC00MGU0LTk4ZTItODg2NWM3NTVmNWQ4XkEyXkFqcGc@._V1_SX300.jpg
39,tt0167261,The Lord of the Rings: The Two Towers,2002,Adventure|Drama|Fantasy,Peter Jackson,"Elijah Wood, Ian McKellen, Viggo Mortensen","The continuing quest of Frodo and the Fellowship to destroy the One Ring. Frodo and Sam discover they are being followed by the mysterious Gollum. Aragorn, the Elf archer Legolas, and Gimli the Dwarf encounter the besieged Rohan kingdom, whose once great King Theoden has fallen under Saruman's deadly spell.",8.8,179 min,"English, Sindarin, Old English","New Zealand, United States",https://m.media-amazon.com/images/M/MV5BMGQxMDdiOWUtYjc1Ni00YzM1LWE2NjMtZTg3Y2JkMjEzMTJjXkEyXkFqcGc@._V1_SX300.jpg
40,tt0077869,The Lord of the Rings,1978,Animation|Adventure|Fantasy,Ralph Bakshi,"Christopher Guard, William Squire, Michael Scholes","A young Hobbit known as Frodo has been thrown on an amazing adventure, when he is appointed the job of destroying the One Ring, which was created by the Dark Lord Sauron. He is assigned with three warriors including Gandelf, Aragorn, and Boromir. But it's not going to be an easy journey for the Fellowship of the Ring, on the ultimate quest to rid the Middle-earth of all evil.",6.2,132 min,"English, Sindarin","United States, United Kingdom",https://m.media-amazon.com/images/M/MV5BZmI4ZmIxOGQtMGY2ZS00Y2Y5LTllMDItYzllOWFmMTNlMmY2XkEyXkFqcGc@._V1_SX300.jpg
41,tt14824600,The Lord of the Rings: The War of the Rohirrim,2024,Animation|Action|Adventure,Kenji Kamiyama,"Brian Cox, Gaia Wise, Miranda Otto","A sudden attack by Wulf, a clever and traitorous lord of Rohan seeking vengeance for the death of his father, forces Helm Hammerhand, the King of Rohan, and his people to make a daring last stand in the ancient stronghold of the H...",6.3,134 min,English,"United States, New Zealand, Japan",https://m.media-amazon.com/images/M/MV5BOTg4OTgyMDYtMDA0NC00ZjJhLWJiOGMtMjlkM2ZjNTgxNGI0XkEyXkFqcGc@._V1_SX300.jpg
42,tt0302751,The Making of 'The Lord of the Rings',2002,Documentary,Costa Botes,"Sean Astin, Sean Bean, Cate Blanchett, Orlando Bloom","This documentary treats movie, special effect and fantasy fans to a behnd-the-scenes look at the making of The Lord of the Rings, Peter Jackson's blockbuster three-film adaptation of J.R.R. Tolkien's classic work of fiction about the battle to save Middle Earth from the power of Sauron, and the quest that must be undertaken by a single small hobbit. Includes interviews with director Jackson, stars Ian McKellen and Elijah Wood, and the rest of the cast and crew who share some of the experiences they had in making the film, as well as discuss the massive effort that went into making the myths and monsters of Middle Earth a reality.",7.8,N/A,English,New Zealand,https://m.media-amazon.com/images/M/MV5BMmE3MzQwYjYtODFmOS00M2MxLWJjYTUtZTNjYjhmYjg4MzU2XkEyXkFqcGdeQXVyMTEyMDcwNw@@._V1_SX300.jpg
43,tt0301246,A Passage to Middle-earth: The Making of 'Lord of the Rings',2001,Documentary,N/A,"Elijah Wood, Peter Jackson, Ian McKellen","This made-for-tv documentary treats fantasy and adventure fans to a behind-the-scenes look at the making of Peter Jackson's three-film adaptation of J.R.R. Tolkien's Lord of the Rings. Includes archive footage of Tolkien discussing his work, along with interviews with director Jackson and the rest of the cast and crew of the film, who share their experiences from working on the project, as well as discuss the special efforts that went into bringing this massive work to completion.",7.5,42 min,English,United States,https://m.media-amazon.com/images/M/MV5BOTc3NjA5MDYxNF5BMl5BanBnXkFtZTcwMTY4MzEyMQ@@._V1_SX300.jpg
44,tt0405185,National Geographic: Beyond the Movie - The Lord of the Rings: Return of the King,2003,Documentary,N/A,"John Rhys-Davies, Elijah Wood, Hugo Weaving",Join National Geographic for a compelling exploration of the realworld parallels to the events and characters brought to life in the epic motion picture The Lord of the Rings: The Return of the King. Discover the legacy of history...,6.3,52 min,English,United States,https://m.media-amazon.com/images/M/MV5BNmM1ZDdmZTYtMDQ0NS00Y2VlLTkzMzgtYzgyNzA4MTMxZDdjXkEyXkFqcGc@._V1_SX300.jpg
45,tt0382814,The Lord of the Rings: The Quest Fulfilled,2003,Documentary,Dan Arden,"Phil Crowley, Ian McKellen, Elijah Wood",N/A,6.6,23 min,English,United States,https://m.media-amazon.com/images/M/MV5BMzMyMGI0NTEtM2EwZC00YzYyLWJiNWYtNGY1Y2I1YjRjMWEwXkEyXkFqcGdeQXVyODY1NDk1NjE@._V1_SX300.jpg
46,tt0308561,Master of the Rings: The Unauthorized Story Behind J.R.R. Tolkien's 'Lord of the Rings',2001,Documentary,Stephen Grant,"Anke Buttner, Humphrey Carpenter, Bob Catley, Ian Collier","John Ronald Reuel Tolkien never set out to become a pop icon. But almost 30 years after his death, he has ascended to heights previously reserved for pop stars. For hundreds of thousands, ...",6.6,60 min,English,Canada,https://m.media-amazon.com/images/M/MV5BMTI1ODc4OTEwOF5BMl5BanBnXkFtZTcwNzA0NTc0MQ@@._V1_SX300.jpg
47,tt1201607,Harry Potter and the Deathly Hallows: Part 2,2011,Adventure|Family|Fantasy,David Yates,"Daniel Radcliffe, Emma Watson, Rupert Grint","Harry (Daniel Radcliffe), Ron (Rupert Grint), and Hermione (Emma Watson) continue their quest of finding and destroying Voldemort's (Ralph Fiennes') three remaining Horcruxes, the magical items responsible for his immortality. But as the mystical Deathly Hallows are uncovered, and Voldemort finds out about their mission, the biggest battle begins, and life as they know it will never be the same again.",8.1,130 min,"English, Latin","United Kingdom, United States",https://m.media-amazon.com/images/M/MV5BOTA1Mzc2N2ItZWRiNS00MjQzLTlmZDQtMjU0NmY1YWRkMGQ4XkEyXkFqcGc@._V1_SX300.jpg
48,tt0241527,Harry Potter and the Sorcerer's Stone,2001,Adventure|Family|Fantasy,Chris Columbus,"Daniel Radcliffe, Rupert Grint, Emma Watson","This is the tale of Harry Potter (Daniel Radcliffe), an ordinary eleven-year-old boy serving as a sort of slave for his aunt and uncle who learns that he is actually a wizard and has been invited to attend the Hogwarts School for Witchcraft and Wizardry. Harry is snatched away from his mundane existence by Rubeus Hagrid (Robbie Coltrane), the groundskeeper for Hogwarts, and quickly thrown into a world completely foreign to both him and the viewer. Famous for an incident that happened at his birth, Harry makes friends easily at his new school. He soon finds, however, that the wizarding world is far more dangerous for him than he would have imagined, and he quickly learns that not all wizards are ones to be trusted.",7.7,152 min,"English, Latin","United Kingdom, United States",https://m.media-amazon.com/images/M/MV5BNTU1MzgyMDMtMzBlZS00YzczLThmYWEtMjU3YmFlOWEyMjE1XkEyXkFqcGc@._V1_SX300.jpg
49,tt0295297,Harry Potter and the Chamber of Secrets,2002,Adventure|Family|Fantasy,Chris Columbus,"Daniel Radcliffe, Rupert Grint, Emma Watson","Forced to spend his summer holidays with his muggle relations, Harry Potter (Daniel Radcliffe) gets a real shock when he gets a surprise visitor: Dobby (Toby Jones) the house-elf, who warns Harry against returning to Hogwarts, for terrible things are going to happen. Harry decides to ignore Dobby's warning and continues with his pre-arranged schedule. But at Hogwarts, strange and terrible things are indeed happening. Harry is suddenly hearing mysterious voices from inside the walls, muggle-born students are being attacked, and a message scrawled on the wall in blood puts everyone on his or her guard, ""The Chamber Of Secrets Has Been Opened. Enemies Of The Heir, Beware"".",7.5,161 min,"English, Latin","United Kingdom, United States",https://m.media-amazon.com/images/M/MV5BNGJhM2M2MWYtZjIzMC00MDZmLThkY2EtOWViMDhhYjRhMzk4XkEyXkFqcGc@._V1_SX300.jpg
50,tt0304141,Harry Potter and the Prisoner of Azkaban,2004,Adventure|Family|Fantasy,Alfonso Cuarón,"Daniel Radcliffe, Emma Watson, Rupert Grint","Harry Potter (Daniel Radcliffe) is having a tough time with his relatives (yet again). He runs away after using magic to inflate Uncle Vernon's (Richard Griffiths') sister Marge (Pam Ferris), who was being offensive towards Harry's parents. Initially scared for using magic outside the school, he is pleasantly surprised that he won't be penalized after all. However, he soon learns that a dangerous criminal and Voldemort's trusted aide Sirius Black (Gary Oldman) has escaped from Azkaban Prison and wants to kill Harry to avenge the Dark Lord. To worsen the conditions for Harry, vile creatures called Dementors are appointed to guard the school gates and inexplicably happen to have the most horrible effect on him. Little does Harry know that by the end of this year, many holes in his past (whatever he knows of it) will be filled up and he will have a clearer vision of what the future has in store.",7.9,142 min,"English, Latin, Old English","United Kingdom, United States",https://m.media-amazon.com/images/M/MV5BMTY4NTIwODg0N15BMl5BanBnXkFtZTcwOTc0MjEzMw@@._V1_SX300.jpg
51,tt0330373,Harry Potter and the Goblet of Fire,2005,Adventure|Family|Fantasy,Mike Newell,"Daniel Radcliffe, Emma Watson, Rupert Grint","Harry's (Daniel Radcliffe's) fourth year at Hogwarts is about to start and he is enjoying the summer vacation with his friends. They get the tickets to The Quidditch World Cup Final, but after the match is over, people dressed like Lord Voldemort's (Ralph Fiennes') ""Death Eaters"" set a fire to all of the visitors' tents, coupled with the appearance of Voldemort's symbol, the ""Dark Mark"" in the sky, which causes a frenzy across the magical community. That same year, Hogwarts is hosting ""The Triwizard Tournament"", a magical tournament between three well-known schools of magic : Hogwarts, Beauxbatons, and Durmstrang. The contestants have to be above the age of seventeen, and are chosen by a magical object called ""The Goblet of Fire"". On the night of selection, however, the Goblet spews out four names instead of the usual three, with Harry unwittingly being selected as the Fourth Champion. Since the magic cannot be reversed, Harry is forced to go with it and brave three exceedingly difficult tasks.",7.7,157 min,"English, French, Latin","United Kingdom, United States",https://m.media-amazon.com/images/M/MV5BMTI1NDMyMjExOF5BMl5BanBnXkFtZTcwOTc4MjQzMQ@@._V1_SX300.jpg
52,tt0373889,Harry Potter and the Order of the Phoenix,2007,Action|Adventure|Family,David Yates,"Daniel Radcliffe, Emma Watson, Rupert Grint","After a lonely summer on Privet Drive, Harry (Daniel Radcliffe) returns to a Hogwarts full of ill-fortune. Few of students and parents believe him or Dumbledore (Sir Michael Gambon) that Voldemort (Ralph Fiennes) is really back. The ministry had decided to step in by appointing a new Defense Against the Dark Arts teacher, Professor Dolores Umbridge (Imelda Staunton), who proves to be the nastiest person Harry has ever encountered. Harry also can't help stealing glances with the beautiful Cho Chang (Katie Leung). To top it off are dreams that Harry can't explain, and a mystery behind something for which Voldemort is searching. With these many things, Harry begins one of his toughest years at Hogwarts School of Witchcraft and Wizardry.",7.5,138 min,"English, Latin","United Kingdom, United States",https://m.media-amazon.com/images/M/MV5BYWJmM2M1YzItMjY1Ni00YzRmLTg5YWYtNDFmNTJjNzQ0ODkyXkEyXkFqcGc@._V1_SX300.jpg
53,tt0926084,Harry Potter and the Deathly Hallows: Part 1,2010,Adventure|Family|Fantasy,David Yates,"Daniel Radcliffe, Emma Watson, Rupert Grint","Voldemort's (Ralph Fiennes') power is growing stronger. He now has control over the Ministry of Magic and Hogwarts. Harry (Daniel Radcliffe), Ron (Rupert Grint), and Hermione (Emma Watson) decide to finish Dumbledore's (Sir Michael Gambon's) work and find the rest of the Horcruxes to defeat the Dark Lord. But little hope remains for the trio and the rest of the Wizarding World, so everything they do must go as planned.",7.7,146 min,"English, Latin","United Kingdom, United States",https://m.media-amazon.com/images/M/MV5BMTQ2OTE1Mjk0N15BMl5BanBnXkFtZTcwODE3MDAwNA@@._V1_SX300.jpg
54,tt0417741,Harry Potter and the Half-Blood Prince,2009,Action|Adventure|Family,David Yates,"Daniel Radcliffe, Emma Watson, Rupert Grint","During Harry Potter's sixth year at Hogwarts, he finds a book that once belonged to the mysterious Half-Blood Prince that earns him the respect of his new Potions professor Horace Slughorn. In addition, Dumbledore must prepare Harry for the ultimate final confrontation by finding out the secret behind Voldemort's power. Meanwhile, a hidden enemy waits in the shadows to carry out a mission given to him by the Dark Lord.",7.6,153 min,"English, Latin","United Kingdom, United States",https://m.media-amazon.com/images/M/MV5BNzU3NDg4NTAyNV5BMl5BanBnXkFtZTcwOTg2ODg1Mg@@._V1_SX300.jpg
55,tt16116174,Harry Potter 20th Anniversary: Return to Hogwarts,2022,Documentary|Family,"Casey Patterson, Joe Pearlman, Eran Creevy","Chris Columbus, Gary Oldman, Ralph Fiennes","Cast and crew members from all ""Harry Potter"" films reunite in a retrospective special to celebrate the 20th anniversary of Harry Potter and the Sorcerer's Stone (2001).",8.0,102 min,English,"United Kingdom, United States",https://m.media-amazon.com/images/M/MV5BZTNhNjg1NWItZThkNC00N2JiLTkzOTgtNzZjYzAyYTQ4OTEwXkEyXkFqcGc@._V1_SX300.jpg
56,tt0232500,The Fast and the Furious,2001,Action|Crime|Thriller,Rob Cohen,"Vin Diesel, Paul Walker, Michelle Rodriguez","Los Angeles street racer Dominic Toretto falls under the suspicion of the LAPD as a string of high-speed electronics truck robberies rocks the area. Brian O'Connor, an officer of the LAPD, joins the ranks of Toretto's highly skilled racing crew undercover to convict Toretto. However, O'Connor finds himself both enamored with this new world and in love with Toretto's sister, Mia. As a rival racing crew gains strength, O'Connor must decide where his loyalty really lies.",6.8,106 min,"English, Spanish","United States, Germany",https://m.media-amazon.com/images/M/MV5BZGRiMDE1NTMtMThmZS00YjE4LWI1ODQtNjRkZGZlOTg2MGE1XkEyXkFqcGc@._V1_SX300.jpg
57,tt0463985,The Fast and the Furious: Tokyo Drift,2006,Action|Crime|Thriller,Justin Lin,"Lucas Black, Zachery Ty Bryan, Shad Moss","An American teenager named Sean Boswell is a loner in school, however he challenges his rival for an illegal street racing, and he totals his car in the end of the race. To avoid time in prison he is sent to Tokyo to live with his father who is in the military. As soon as he arrives he discovers a new, fun but dangerous way of street racing in the underworld of the streets of Tokyo, Japan.",6.1,104 min,"English, Japanese, Portuguese","Germany, United States",https://m.media-amazon.com/images/M/MV5BMTQ2NTMxODEyNV5BMl5BanBnXkFtZTcwMDgxMjA0MQ@@._V1_SX300.jpg
58,tt0046969,The Fast and the Furious,1954,Crime|Drama|Film-Noir,"John Ireland, Edward Sampson","John Ireland, Dorothy Malone, Bruce Carlisle","A man wrongly imprisoned for murder breaks out of jail. He wants to clear his name, but with the police pursuing him, he's forced to take a beautiful young woman, driving a fast sports car, hostage and slip into a cross-border sports car race to try to make it to Mexico before the police get him.",5.3,73 min,English,United States,https://m.media-amazon.com/images/M/MV5BNWFkOGM0ODAtYmY1OC00ODQ4LTkxZjktYzEyZjdhYWFkOTMwXkEyXkFqcGc@._V1_SX300.jpg
59,tt0031298,Fast and Furious,1939,Comedy|Crime|Mystery,Busby Berkeley,"Franchot Tone, Ann Sothern, Ruth Hussey","Joel and Garda Sloan, a husband and wife detective team, who also sell rare books in New York, take a vacation to Seaside City. At Seaside, Joel's pal, Mike Stevens is managing and preparing for their beauty pageant. Joel is made one of the judges plus he has invested $5,000 in it, to Garda's dismay. Eric Bartell, promoter, arrives to dupe Stevens. When Ed Connors, New York racketeer arrives, Bartell is mysteriously murdered. Joel and Garda set out to investigate the murder.",6.1,73 min,English,United States,https://m.media-amazon.com/images/M/MV5BMjAyNTQ1NjA3Ml5BMl5BanBnXkFtZTgwOTIyNjIxMzE@._V1_SX300.jpg
60,tt0878117,Fast and the Furious: Tokyo Drift - The Japanese Way,2006,Short|Action,Jim Bacon,"Justin Lin, Brian Tee, Lucas Black, Sanja Milkovic Hays",Related are the difficulties and surprising ease that was found working with the Japanese crew. The Japanese citizens and their modes of dress were also educating to all.,6.6,10 min,English,USA,https://m.media-amazon.com/images/M/MV5BMTQ2NTMxODEyNV5BMl5BanBnXkFtZTcwMDgxMjA0MQ@@._V1_SX300.jpg
61,tt1008725,Tasmanian Devil: The Fast and Furious Life of Errol Flynn,2007,Documentary|Biography|Crime,Simon Nasht,"Christopher Lee, Jeffrey Meyers, Kathryn Medlock","The story of Tasmanian-born actor Errol Flynn whose short & flamboyant life, full of scandals, adventures, loves and excess was largely played out in front of the camera - either making movies or filling the newsreels and gossip magazines. Tragically he was dead from the effects of drugs and alcohol by the time he was only 50 & the myths live on. But there is another side of Flynn that is less well known - his ambitions to be a serious writer and newspaper correspondent, his documentary films and his interest in the Spanish Civil War and Castro's Cuba",7.3,60 min,English,"Australia, Germany, Netherlands, United Kingdom, Finland, Denmark, Canada",https://m.media-amazon.com/images/M/MV5BM2JhNDhkNmMtYWI3ZS00NjZiLTgwMmYtYmMwOGIwZmJlYThiXkEyXkFqcGc@._V1_SX300.jpg
62,tt0454613,"Jackie Chan: Fast, Funny and Furious",2002,Documentary,Phillip Dye,"Jackie Chan, Greg O'Neil, Chris Tucker, Brett Ratner",N/A,6.6,54 min,English,USA,https://m.media-amazon.com/images/M/MV5BNjkxNTU2MjYtMWQ0Mi00MDUyLTkyOGMtMWIyMDg1ZDRmMjhjXkEyXkFqcGdeQXVyNTMyODM3MTg@._V1_SX300.jpg
63,tt0017866,Fast and Furious,1927,Comedy,Melville W. Brown,"Reginald Denny, Barbara Worth, Claude Gillingwater","Tom Brown, a wealthy young bachelor fond of speeding, wrecks his car and is aided by Smithfield, whereupon he instantly becomes enamored of the latter's daughter, Ethel. After recuperating from the accident, Tom embarks for California to find the Smithfields. During a traffic jam, he and Smithfield get into an altercation, which results in Tom's tweaking Smithfield's nose; at the Smithfield residence, Tom visits Ethel, who is supervising the creation of a statue dedicated by her father to racing drivers. Only Ethel's and the sculptor's combined efforts prevent a battle with Smithfield. Tom agrees to impersonate Billings, a racing champion, who is to pose for the sculptor and appear at the dedication, and is forced to complete the deception by driving in a race. After numerous adventures he wins the race and the love of Ethel.",5.3,60 min,English,United States,https://m.media-amazon.com/images/M/MV5BMDU0NzIxY2QtNWZkMy00NDViLWFjNzItM2Y3YTE2MTQzYzljXkEyXkFqcGdeQXVyMjUxODE0MDY@._V1_SX300.jpg
64,tt0247334,Fast and Furious,1924,Comedy|Short,Norman Taurog,"Lige Conley, Otto Fries, Ruth Hiatt",The day's takings from a shop are stolen and an employee gives chase to catch the crooks.,6.1,14 min,"None, English",United States,https://m.media-amazon.com/images/M/MV5BMmY2NTdmOTItODUyNi00YmI0LWE2NmYtMmFmNjgyYmYxMzEzXkEyXkFqcGdeQXVyNjA5MTAzODY@._V1_SX300.jpg
65,tt0843849,Fast and the Furious: Tokyo Drift Peek Performance,2006,Documentary|Short,Jim Bacon,"Lucas Black, Zachery Ty Bryan, Tanner Foust, Sung Kang",N/A,7.8,30 min,English,USA,N/A
66,tt1229238,Mission: Impossible - Ghost Protocol,2011,Action|Adventure|Thriller,Brad Bird,"Tom Cruise, Jeremy Renner, Simon Pegg","In the fourth installment of the Mission Impossible series, Ethan Hunt and a new team race against time to track down Hendricks, a dangerous terrorist who has gained access to Russian nuclear launch codes and is planning a strike on the United States. An attempt by the team to stop him at the Kremlin ends in a disaster, with an explosion causing severe damage to the Kremlin and the IMF being implicated in the bombing, forcing the President to invoke Ghost Protocol, under which the IMF is disavowed, and will be offered no help or backup in any form. Undaunted, Ethan and his team chase Hendricks to Dubai, and from there to Mumbai, but several spectacular action sequences later, they might still be too late to stop a disaster.",7.4,132 min,"English, Russian, French, Arabic, Swedish","United States, United Arab Emirates, Russia, Canada, Czech Republic, India",https://m.media-amazon.com/images/M/MV5BMTY4MTUxMjQ5OV5BMl5BanBnXkFtZTcwNTUyMzg5Ng@@._V1_SX300.jpg
67,tt0117060,Mission: Impossible,1996,Action|Adventure|Thriller,Brian De Palma,"Tom Cruise, Jon Voight, Emmanuelle Béart","Based on the hit television series. Jim Phelps (Jon Voight) was sent to Prague for a mission to prevent the theft of classified material. His wife Claire (Emmanuelle Béart) and his trusted partner Ethan Hunt (Tom Cruise) were members of Phelps' team. Unfortunately, something went horribly wrong and the mission failed, leaving Ethan Hunt the seemingly lone survivor. After he reported the failed mission, Kittridge (Henry Czerny), the head of the agency, suspects Ethan of being the culprit for the failed mission. Now, Ethan uses unorthodox methods (which includes the aid of an arms dealer going by the name ""Max"" (Vanessa Redgrave)) to try to find who set him up and to clear his name.",7.2,110 min,"English, French, Czech",United States,https://m.media-amazon.com/images/M/MV5BOGZjNDlkMTYtMTJkZi00OTkzLWI4NDEtYTA2ODQyMjcwYTdlXkEyXkFqcGc@._V1_SX300.jpg
68,tt2381249,Mission: Impossible - Rogue Nation,2015,Action|Adventure|Thriller,Christopher McQuarrie,"Tom Cruise, Rebecca Ferguson, Jeremy Renner","CIA chief Hunley (Baldwin) convinces a Senate committee to disband the IMF (Impossible Mission Force), of which Ethan Hunt (Cruise) is a key member. Hunley argues that the IMF is too reckless. Now on his own, Hunt goes after a shadowy and deadly rogue organization called the Syndicate.",7.4,131 min,"English, Swedish, German, Russian","United States, China, United Kingdom, Austria, Morocco, Hong Kong",https://m.media-amazon.com/images/M/MV5BZjUwZjg2ZjAtY2RhZi00YmZjLTlhNGQtOWQwNDk1MjhhM2NhXkEyXkFqcGc@._V1_SX300.jpg
69,tt0317919,Mission: Impossible III,2006,Action|Adventure|Thriller,J.J. Abrams,"Tom Cruise, Michelle Monaghan, Ving Rhames","A man named Owen Davian kills an IMF agent that was sent undercover by the legendary Ethan Hunt, who has retired from combat missions. Hunt now has a fiancé, Julia, who believes that he works for the traffic department when he really trains younger IMF agents to go into combat. He is assigned to his last mission. His mission, should he choose to accept it is to capture Davian, who is selling a toxic weapon called the rabbits foot. But Davian is reckless, cruel, and deadly. He promises Hunt that he will find Julia, hurt her, and Ethan will be too dead to help her. The mission is no more different to others, its dangerous, smart, and impossible; but now it's personal.",6.9,126 min,"English, Italian, Mandarin, Cantonese, German, Czech","Italy, Germany, China, United States",https://m.media-amazon.com/images/M/MV5BNzY1MzdjMjYtNDJiZS00N2U4LWI0MWQtZTRiZWYxMzU3ZmI4XkEyXkFqcGc@._V1_SX300.jpg
70,tt4912910,Mission: Impossible - Fallout,2018,Action|Adventure|Thriller,Christopher McQuarrie,"Tom Cruise, Henry Cavill, Ving Rhames","Two years after Ethan Hunt had successfully captured Solomon Lane, the remnants of the Syndicate have reformed into another organization called the Apostles. Under the leadership of a mysterious fundamentalist known only as John Lark, the organization is planning on acquiring three plutonium cores. Ethan and his team are sent to Berlin to intercept them, but the mission fails when Ethan saves Luther and the Apostles escape with the plutonium. With CIA agent August Walker joining the team, Ethan and his allies must now find the plutonium cores before it's too late.",7.7,147 min,"English, French","United States, China, France, Norway",https://m.media-amazon.com/images/M/MV5BZmUwZTg2YmMtMmZjOS00ZDYwLWI2ZDgtZDcyY2ZmMWMwZDdlXkEyXkFqcGc@._V1_SX300.jpg
71,tt0120755,Mission: Impossible II,2000,Action|Adventure|Thriller,John Woo,"Tom Cruise, Dougray Scott, Thandiwe Newton","Chimera is a deadly virus that will bear a grisly death unless you are given the antidote. The creator of Chimera is murdered and the antidote is stolen by a disavowed I.M.F. Agent, Sean Ambrose (Dougray Scott). The Impossible Mission Force, (I.M.F.), hire the skilled and charming Ethan Hunt (Tom Cruise), and the beautiful Nyah Hall (Thandie Newton), who has had her share with Ambrose. Their mission, should they choose to accept it, is to send Hall undercover to Ambrose and learn what she can for Hunt to bring down Chimera, but they will have to break into a secure lab by jumping off of buildings and dodging bullets. Its impossible.",6.1,123 min,English,"Germany, United States",https://m.media-amazon.com/images/M/MV5BYWFjM2NhMTAtNDU1My00ODUxLTkwMzYtODQzNzM0ODM0ZWQ0XkEyXkFqcGc@._V1_SX300.jpg
72,tt9603212,Mission: Impossible - Dead Reckoning Part One,2023,Action|Adventure|Thriller,Christopher McQuarrie,"Tom Cruise, Hayley Atwell, Ving Rhames",Ethan Hunt and his IMF team must track down a dangerous weapon before it falls into the wrong hands.,7.6,163 min,"English, Italian, Russian, French",United States,https://m.media-amazon.com/images/M/MV5BN2U4OTdmM2QtZTkxYy00ZmQyLTg2N2UtMDdmMGJmNDhlZDU1XkEyXkFqcGc@._V1_SX300.jpg
73,tt9603208,Mission: Impossible - The Final Reckoning,2025,Action|Adventure|Thriller,Christopher McQuarrie,"Tom Cruise, Hayley Atwell, Ving Rhames","Hunt and the IMF pursue a dangerous AI called the Entity that's infiltrated global intelligence. With governments and a figure from his past in pursuit, Hunt races to stop it from forever changing the world.",7.2,169 min,"English, French, Russian, Inuktitut","United States, Norway",https://m.media-amazon.com/images/M/MV5BZGQ5NGEyYTItMjNiMi00Y2EwLTkzOWItMjc5YjJiMjMyNTI0XkEyXkFqcGc@._V1_SX300.jpg
74,tt0063310,Mission Impossible Versus the Mob,1969,Action|Adventure,Paul Stanley,"Peter Graves, Martin Landau, Barbara Bain","Frank Wayne, the big boss of the mafia, is em movement all his money to Switzerland, costing much to the State. The IMF attempts to stop him. Jim Phelps plays an investigator from the Senate who harassment Wayne and finally arrests him. Wayne is switched with Rollin Hand, disguised as Wayne. Rollin is then obtained his real face back under the cover of instant aesthetic surgery performed by Cinnamon Carter, who is actually only removing his makeup. Againts the will of the Organisation's council, Wayne/Hand orders his henchman to kill the investigator by exploding his car. Phelps escapes the attack thanks to a trapdoor in the bottom of the car, leading to a sewer opening on top of which the car was parked. Meanwhile, Hand manages to open the safe of Wayne's office in which all the Organisation's ledgers are hidden. Wayne's is then sentence to death by a full council, but Wayne/Hand manages to escape through one elevator. Barney Collier had previously fixed the elevator so that it is synchronized with the one just next to it. Hand crawls into the second elevator while both are descending, rejoining his associates, and the real Wayne (sedated until then) is put back into the first one and reanimated. When the elevator reaches the underground parking lot, Wayne wakes up just in time to be killed by his henchman. The IMF members leave the place unnoticed just as the police arrives, called earlier by Cinnamon.",7.1,110 min,English,United States,https://m.media-amazon.com/images/M/MV5BNWM5MTA0MGUtMWJkMy00MmUxLTg1ZGMtYTllZjdmMTMzOGViXkEyXkFqcGc@._V1_SX300.jpg
75,tt3290714,Mission Impossible: Samurai,2014,Action|Comedy|History,Katsuhide Motoki,"Kuranosuke Sasaki, Kyôko Fukada, Tsuyoshi Ihara","During the reign of the eighth shogun of the Tokugawa shogunate, the Yunagaya Domain in the Tohoku region is a small han. But at the han, there is a gold mine. Suddenly, Masaatsu Naito of Yunagaya Domain receives an order to perform Sankin-kotai within 5 days. Sankin-kotai is a custom that requires the daimyo to visit the shogun in Edo. Unfortunately, the time needed to visit the shogun in Edo for Masaatsu Naito is 8 days. Masaatsu Naito also learns he received the order because a high ranking government official wants the gold mine. Also, the expense for Sankin-kotai is high and the Yunagaya Domain is such a small han that it seems impossible to complete. Nevertheless, Masaatsu Naito begins an unexpected operation to complete Sankin-kotai in 5 days.",6.2,119 min,Japanese,Japan,https://m.media-amazon.com/images/M/MV5BODkxOGY2YTQtZTI2OC00MzAzLWI1MDctYWU5OTEzOTUzOTBjXkEyXkFqcGc@._V1_SX300.jpg
76,tt3732110,Jatt James Bond,2014,Comedy,Rohit Jugraj,"Gippy Grewal, Zareen Khan, Gurpreet Ghuggi",Shinda was mistreated by his relatives therefore he finds other ways to have his love Laali. Shinda and his two other friends come up with a plan to solve all of their problems.,6.8,220 min,Punjabi,India,https://m.media-amazon.com/images/M/MV5BMDUzMTdlYWEtOTVlYi00YjJhLWFmZmItZDk4Y2Y4NmQ4ZGJhXkEyXkFqcGc@._V1_SX300.jpg
77,tt0239074,The James Bond Story,1999,Documentary,Chris Hunt,"Sean Connery, Michael G. Wilson, Roger Moore","Bond, James Bond. Perhaps the greatest fictional cinema icon ever. He first appeared on the big screen in 1962 in Dr. No, and has remained the most powerful action hero ever since. The secret to his success is his adaptability. No matter what tight spot he finds himself, he always appears to be suave, sophisticated and cool. As a spy Bond is constantly reinventing himself, and on the big screen he has done this five times, as Sean Connery, Roger Moore, George Lazenby, Timothy Dalton and Pierce Brosnan. The documentary looks at the different characterizations each actor has brought to the role to discover the elements that make up Bond. It also traces the character back to its origin, the Bond novels by Ian Fleming, whose creation was semi-autobiographical. From the gadgets to the girls, The James Bond Story also features interviews with Q (the late Desmond Llewelyn), Maud Adams, Jane Seymour, Terence Young (Director), Cubby Broccoli (Producer), Ian Fleming and more, along with extensive film clips from Dr. No to The World is Not Enough. This action-packed documentary presents an in-depth look at the quintessential spy who has a license to kill.",7.1,52 min,English,United States,https://m.media-amazon.com/images/M/MV5BMTg1ODc0MjkzMF5BMl5BanBnXkFtZTcwMDY2NzEyMQ@@._V1_SX300.jpg
78,tt1858469,James Bond Supports International Women's Day,2011,Short|Action,Sam Taylor-Johnson,"Judi Dench, Daniel Craig","This short film is made by 'We Are Equals' to celebrate International Women's Day. James Bond video for international women's day shows 007's feminine side. Daniel Craig and Dame Judi Dench team up for two-minute film highlighting the need for gender equality. 007 star Daniel Craig undergo a dramatic makeover as he puts himself, quite literally, in a woman's shoes.",5.7,2 min,English,United Kingdom,https://m.media-amazon.com/images/M/MV5BYjRhYzM2YjMtZTNjOS00OThlLTgwZTQtNTVjZDAzZWU1YzM2XkEyXkFqcGc@._V1_SX300.jpg
79,tt22498916,Sean Connery vs James Bond,2022,Documentary|Action|Biography,Gregory Monro,"Sean Connery, John Boorman, Andy Garcia","Having become a world star thanks to James Bond, Sean Connery, who died in 2020, has never stopped trying to shed the image of a sexy and slightly brutal macho that stuck to 007. A look back at an eclectic career, carried out with...",7.1,53 min,English,"France, Switzerland, Belgium, Poland, Ireland, Austria, Czech Republic, Netherlands, Israel, Brazil",https://m.media-amazon.com/images/M/MV5BNTJjZTEzMTEtZDFlNS00NThkLThkYTEtZTMwMTdkMmNmZDMzXkEyXkFqcGc@._V1_SX300.jpg
80,tt4896340,James Bond,2015,Action|Comedy,"Vasil Kacarov, Macha Sai Kishore, Sai Kishore Macha","Allari Naresh, Sakshi Chaudhary, Ashish Vidyarthi",Nani (Allari Naresh) is a trepid and fearful guy who works as a software engineer. Bullet (Sakshi Chaudhary) is a mafia don in Dubai. Her mother doesn't know about Bullet's profession. Bullet is forced to come back to India when her mother falls ill. Her mother's last wish is to get Bullet married. That's when Nani falls in love at first sight with Bullet when she visits a temple wearing a traditional dress. Rest of the story is all about what happens when a coward like Nani marries a gangster girl without knowing her real profession.,5.2,142 min,Telugu,India,https://m.media-amazon.com/images/M/MV5BNGM1Zjg5MmEtZjVlOC00NzM3LWEzMjktMGMwMTMwY2ZmMjVkXkEyXkFqcGc@._V1_SX300.jpg
81,tt0223426,Happy Anniversary 007: 25 Years of James Bond,1987,Documentary,Mel Stuart,"Roger Moore, Timothy Dalton",An hour documentary on the history of Bond for the 25th anniversary of the film series.,6.7,49 min,English,United States,https://m.media-amazon.com/images/M/MV5BMzgwMTljODgtZmE4Yy00YjQyLWJlNDctODNkNDViNjM2MzJiXkEyXkFqcGc@._V1_SX300.jpg
82,tt0114982,The World of James Bond,1995,Documentary,"Paul Hall, Tom Shelly","Elizabeth Hurley, Chris Connelly, Andie MacDowell","Elizabeth Hurley hosts a one hour documentary on the history of the James Bond film series to tie in with the seventeenth Bond film, GoldenEye.",6.6,60 min,English,"United States, United Kingdom",https://m.media-amazon.com/images/M/MV5BOGVhM2YzZjctNGY1Yy00ODZkLWJmYTEtMTAzM2MwOWNiNDEzXkEyXkFqcGc@._V1_SX300.jpg
83,tt11610250,Daniel Craig vs James Bond,2020,Short|Action|Adventure,Miles Jay,"Daniel Craig, Blanca Parés","Starting with a high-speed taxi sequence, Daniel is constantly recognized as James Bond by surprised locals as he hunts down his missing passport.",8.3,2 min,"English, Spanish","United Kingdom, Italy",https://m.media-amazon.com/images/M/MV5BMjJiNjRjZmItODczYi00YWE4LWJhNGYtNDJmNDllYjdkMzVjXkEyXkFqcGdeQXVyMTY1MTcxMzc@._V1_SX300.jpg
84,tt0255268,James Bond,1999,Comedy,Baiju Kottarakkara,"Aby, Indrans, Janardanan",Five friends in hiding after their local business goes bankrupt stumble upon a baby that changes their lives.,5.0,N/A,Malayalam,India,https://m.media-amazon.com/images/M/MV5BZTI1M2VmMjAtMDIxNy00OWY4LWJkOTEtZWZlMzJhZTA5OGUzXkEyXkFqcGc@._V1_SX300.jpg
85,tt0274814,The Secrets of 007: The James Bond Files,1997,Documentary,Mark Cowen,"Peter Coyote, Sean Connery, Leonard Maltin",N/A,6.4,60 min,English,"United Kingdom, United States",https://m.media-amazon.com/images/M/MV5BNDE3NDc2ZjQtYTYzYy00Zjk0LWIxMGYtYTViNmJkYmEzOTE1XkEyXkFqcGc@._V1_SX300.jpg
86,tt0848228,The Avengers,2012,Action|Sci-Fi,Joss Whedon,"Robert Downey Jr., Chris Evans, Scarlett Johansson","Loki, the adopted brother of Thor, teams-up with the Chitauri Army and uses the Tesseract's power to travel from Asgard to Midgard to plot the invasion of Earth and become a king. The director of the agency S.H.I.E.L.D., Nick Fury, sets in motion project Avengers, joining Tony Stark a.k.a. the Iron Man; Steve Rogers, a.k.a. Captain America; Bruce Banner, a.k.a. The Hulk; Thor; Natasha Romanoff, a.k.a. Black Widow; and Clint Barton, a.k.a. Hawkeye, to save the world from the powerful Loki and the alien invasion.",8.0,143 min,"English, Russian",United States,https://m.media-amazon.com/images/M/MV5BNGE0YTVjNzUtNzJjOS00NGNlLTgxMzctZTY4YTE1Y2Y1ZTU4XkEyXkFqcGc@._V1_SX300.jpg
87,tt4154796,Avengers: Endgame,2019,Action|Adventure|Sci-Fi,"Anthony Russo, Joe Russo","Robert Downey Jr., Chris Evans, Mark Ruffalo","After the devastating events of Avengers: Infinity War (2018), the universe is in ruins due to the efforts of the Mad Titan, Thanos. With the help of remaining allies, the Avengers must assemble once more in order to undo Thanos's actions and undo the chaos to the universe, no matter what consequences may be in store, and no matter who they face...",8.4,181 min,"English, Japanese, Xhosa, German",United States,https://m.media-amazon.com/images/M/MV5BMTc5MDE2ODcwNV5BMl5BanBnXkFtZTgwMzI2NzQ2NzM@._V1_SX300.jpg
88,tt4154756,Avengers: Infinity War,2018,Action|Adventure|Sci-Fi,"Anthony Russo, Joe Russo","Robert Downey Jr., Chris Hemsworth, Mark Ruffalo","As the Avengers and their allies have continued to protect the world from threats too large for any one hero to handle, a new danger has emerged from the cosmic shadows: Thanos. A despot of intergalactic infamy, his goal is to collect all six Infinity Stones, artifacts of unimaginable power, and use them to inflict his twisted will on all of reality. Everything the Avengers have fought for has led up to this moment, the fate of Earth and existence has never been more uncertain.",8.4,149 min,English,"United States, Norway",https://m.media-amazon.com/images/M/MV5BMjMxNjY2MDU1OV5BMl5BanBnXkFtZTgwNzY1MTUwNTM@._V1_SX300.jpg
89,tt2395427,Avengers: Age of Ultron,2015,Action|Adventure|Sci-Fi,Joss Whedon,"Robert Downey Jr., Chris Evans, Mark Ruffalo","Tony Stark creates the Ultron Program to protect the world, but when the peacekeeping program becomes hostile, The Avengers go into action to try and defeat a virtually impossible enemy together. Earth's mightiest heroes must come together once again to protect the world from global extinction.",7.3,141 min,"English, Korean","United States, South Korea, Cambodia",https://m.media-amazon.com/images/M/MV5BODBhYTg1NGQtNGVmNS00ZTdiLThjYTYtZDFkNzRiNTZmNDZjXkEyXkFqcGc@._V1_SX300.jpg
90,tt0118661,The Avengers,1998,Action|Adventure|Sci-Fi,Jeremiah S. Chechik,"Ralph Fiennes, Uma Thurman, Sean Connery","British Ministry Agent John Steed, under direction from ""Mother"", investigates a diabolical plot by archvillain Sir August de Wynter to rule the world with his weather control machine. Steed investigates the beautiful Doctor Mrs. Emma Peel, the only suspect, but simultaneously falls for her and joins forces with her to combat Sir August.",3.8,89 min,English,United States,https://m.media-amazon.com/images/M/MV5BZTA4ZmZlZWQtZDRlYS00ZWZhLTk0MzEtYjExMGIzMTBlZDNlXkEyXkFqcGc@._V1_SX300.jpg
91,tt0491703,Ultimate Avengers: The Movie,2006,Animation|Action|Adventure|Sci-Fi,"Curt Geda, Steven E. Gordon, Bob Richardson","Justin Gross, Grey Griffin, Michael Massee, Marc Worden","In 1945, Captain America, U.S. soldier created with a Super-Soldier Serum, is fighting the Nazis during World War II, and after averting a nuclear disaster, he falls into the icy waters of the North Atlantic, and frozen in suspended animation, only to be revived in the twenty-first century by the American military, who are hoping that they can recreate the serum in Captain America's blood in order to create more super-soldiers. But now, with the world facing the very same evil, Captain America must rise again as our last hope of survival, and lead a strong-willed team of today's superheroes.",6.7,72 min,"Spanish, English",USA,https://m.media-amazon.com/images/M/MV5BMTYyMjk0NTMwMl5BMl5BanBnXkFtZTgwNzY0NjAwNzE@._V1_SX300.jpg
92,tt0803093,Ultimate Avengers II,2006,Animation|Action|Adventure|Sci-Fi,"Will Meugniot, Dick Sebast, Bob Richardson","Justin Gross, Grey Griffin, Michael Massee, Marc Worden","The mightiest of heroes the ultimate Avengers must continue their war against the same aliens they fought. This time, the aliens and Captain America's old enemy Herr Kleiser (the alien shape shifter who supposedly died in 1945), are invading a hidden city in Africa, where the Black Panther is king. But when Kleiser murders the Black Panther's father T'Chaka, Black Panther travels to the U.S.A. to get advice from Captain America. The Avengers must travel to Africa, where a bloody war will be waged against the invading aliens.",6.6,73 min,"Spanish, English",USA,https://m.media-amazon.com/images/M/MV5BZjI3MTI5ZTYtZmNmNy00OGZmLTlhNWMtNjZiYmYzNDhlOGRkL2ltYWdlL2ltYWdlXkEyXkFqcGdeQXVyNTAyODkwOQ@@._V1_SX300.jpg
93,tt1259998,Next Avengers: Heroes of Tomorrow,2008,Animation|Action|Adventure|Family|Fantasy|Horror|Sci-Fi,"Jay Oliva, Gary Hartle","Noah Crawford, Brenna O'Brien, Aidan Drummond, Dempsey Pappion",The children of the Avengers hone their powers and go head to head with the very enemy responsible for their parents' demise.,6.3,78 min,English,USA,https://m.media-amazon.com/images/M/MV5BMTQ3NjExNjY4N15BMl5BanBnXkFtZTcwNTczODkwNQ@@._V1_SX300.jpg
94,tt3482378,Avengers Confidential: Black Widow & Punisher,2014,Animation|Action|Adventure|Family|Sci-Fi,Kenichi Shimizu,"Jennifer Carpenter, Brian Bloom, John Eric Bentley, Grant George","After interfering with a top secret mission, THE PUNISHER is taken into custody by S.H.I.E.L.D. AGENT and AVENGER, BLACK WIDOW. At the orders of Director Nick Fury, Punisher and Black Widow are sent on a mission to stop LEVIATHAN, a global terrorist organization, that plans to sell stolen S.H.I.E.L.D. technology to the highest bidder. Now, the vigilante and spy must work together to prevent this technology from falling into the wrong hands. The fate of the world, and of the AVENGERS, hangs in the balance.",5.8,83 min,"Japanese, English","USA, Japan",https://m.media-amazon.com/images/M/MV5BMTU2MDg0Njk4MF5BMl5BanBnXkFtZTgwMTY0OTIyMTE@._V1_SX300.jpg
95,tt0077292,Crippled Avengers,1978,Action|Drama,Cheh Chang,"Chen Kuan-Tai, Feng Lu, Phillip Chung-Fung Kwok","A wealthy kung fu expert, who is turned bitter and evil by the slaying of his wife and the loss of his son's hands, bullies a town through terror and force. They find pleasure and satisfaction by crippling those who stumble in their way. Four of those who are crippled, a hawker who is blinded, a blacksmith made mute and deaf, a drifter who loses his legs, and a fighter who loses his sanity, band together to use their disabilities to the best of their advantage. The four are tested time and time again, and demonstrate their strengths and abilities.",7.3,104 min,"Mandarin, Cantonese",Hong Kong,https://m.media-amazon.com/images/M/MV5BYjU2ODU5NzMtMzQ2NC00MmI5LWI1NjMtNmRmMjMzOTMxNWZhXkEyXkFqcGc@._V1_SX300.jpg
96,tt10872600,Spider-Man: No Way Home,2021,Action|Adventure|Fantasy,Jon Watts,"Tom Holland, Zendaya, Benedict Cumberbatch","Peter Parker's secret identity is revealed to the entire world. Desperate for help, Peter turns to Doctor Strange to make the world forget that he is Spider-Man. The spell goes horribly wrong and shatters the multiverse, bringing in monstrous villains that could destroy the world.",8.2,148 min,"English, Tagalog",United States,https://m.media-amazon.com/images/M/MV5BMmFiZGZjMmEtMTA0Ni00MzA2LTljMTYtZGI2MGJmZWYzZTQ2XkEyXkFqcGc@._V1_SX300.jpg
97,tt0145487,Spider-Man,2002,Action|Adventure|Sci-Fi,Sam Raimi,"Tobey Maguire, Kirsten Dunst, Willem Dafoe","Based on Marvel Comics' superhero character, this is a story of Peter Parker who is a nerdy high-schooler. He was orphaned as a child, bullied by jocks, and can't confess his crush for his stunning neighborhood girl Mary Jane Watson. To say his life is ""miserable"" is an understatement. But one day while on an excursion to a laboratory a runaway radioactive spider bites him... and his life changes in a way no one could have imagined. Peter acquires a muscle-bound physique, clear vision, ability to cling to surfaces and crawl over walls, shooting webs from his wrist ... but the fun isn't going to last. An eccentric millionaire Norman Osborn administers a performance enhancing drug on himself and his maniacal alter ego Green Goblin emerges. Now Peter Parker has to become Spider-Man and take Green Goblin to the task... or else Goblin will kill him. They come face to face and the war begins in which only one of them will survive at the end.",7.4,121 min,English,United States,https://m.media-amazon.com/images/M/MV5BZWM0OWVmNTEtNWVkOS00MzgyLTkyMzgtMmE2ZTZiNjY4MmFiXkEyXkFqcGc@._V1_SX300.jpg
98,tt2250912,Spider-Man: Homecoming,2017,Action|Adventure|Sci-Fi,Jon Watts,"Tom Holland, Michael Keaton, Robert Downey Jr.","A young Peter Parker/Spider-Man begins to navigate his newfound identity as the web-slinging super hero Spider-Man. Thrilled by his experience with the Avengers, Peter returns home, where he lives with his Aunt May, under the watchful eye of his new mentor Tony Stark. Peter tries to fall back into his normal daily routine - distracted by thoughts of proving himself to be more than just your friendly neighborhood Spider-Man - but when the Vulture emerges as a new villain, everything that Peter holds most important will be threatened.",7.4,133 min,"English, Spanish",United States,https://m.media-amazon.com/images/M/MV5BODY2MTAzOTQ4M15BMl5BanBnXkFtZTgwNzg5MTE0MjI@._V1_SX300.jpg
99,tt0316654,Spider-Man 2,2004,Action|Adventure|Sci-Fi,Sam Raimi,"Tobey Maguire, Kirsten Dunst, Alfred Molina","Peter Parker is an unhappy man: after two years of fighting crime as Spider-Man, his life has begun to fall apart. The girl he loves is engaged to someone else, his grades are slipping, he cannot keep any of his jobs, and on top of it, the newspaper Daily Bugle is attacking him viciously, claiming that Spider-Man is a criminal. He reaches the breaking point and gives up the crime fighter's life, once and for all. But after a failed fusion experiment, eccentric and obsessive scientist Dr. Otto Octavius is transformed into super villain Doctor Octopus, Doc Ock for short, having four long tentacles as extra hands. Peter guesses it might just be time for Spider-Man to return, but would he act upon it?",7.5,127 min,"English, Russian, Chinese",United States,https://m.media-amazon.com/images/M/MV5BNGQ0YTQyYTgtNWI2YS00NTE2LWJmNDItNTFlMTUwNmFlZTM0XkEyXkFqcGc@._V1_SX300.jpg
100,tt4633694,Spider-Man: Into the Spider-Verse,2018,Animation|Action|Adventure,"Bob Persichetti, Peter Ramsey, Rodney Rothman","Shameik Moore, Jake Johnson, Hailee Steinfeld","Phil Lord and Christopher Miller, the creative minds behind The Lego Movie and 21 Jump Street, bring their unique talents to a fresh vision of a different Spider-Man Universe, with a groundbreaking visual style that's the first of its kind. ""Spider-Man(TM): Into the Spider-Verse"" introduces Brooklyn teen Miles Morales (Shameik Moore), and the limitless possibilities of the Spider-Verse, where more than one can wear the mask.",8.4,117 min,"English, Spanish","Canada, United States",https://m.media-amazon.com/images/M/MV5BMjMwNDkxMTgzOF5BMl5BanBnXkFtZTgwNTkwNTQ3NjM@._V1_SX300.jpg
